"product_id";"product_sku";"product_name";"product_inventory";"category_id";"category_name"
7567;"001019";"Papel Campus A4 80gr 100h blanco";"in_stock";874;"Papel"
7568;"001021";"Papel ECO A4 500h 80 gr blanco";"in_stock";874;"Papel"
7569;"001160";"Papel color Campus A4 Amarillo 100h 80gr";"in_stock";874;"Papel"
7570;"001161";"Papel color Campus A4 Rojo 100h 80gr";"in_stock";874;"Papel"
7571;"001162";"Papel color Campus A4 Naranja 100h 80gr";"in_stock";874;"Papel"
7572;"001366";"Papel SPECTRA A3 500h 80 gr amarillo";"in_stock";874;"Papel"
7573;"001576";"Papel color Campus A4 Marfil 100h 80gr";"in_stock";874;"Papel"
7574;"001577";"Papel color Campus A4 Verde manzana 100h 80gr";"in_stock";874;"Papel"
7575;"002044";"Papel color Campus A4 Rosa 100h 80gr";"in_stock";874;"Papel"
7576;"001578";"Papel SPECTRA A4 500h 80 gr naranja";"in_stock";874;"Papel"
7577;"001579";"Papel SPECTRA A4 500h 80 gr amarillo oro";"in_stock";874;"Papel"
7578;"001001";"Papel Campus A4 80gr 100h 10 colores";"in_stock";874;"Papel"
7579;"001002";"Papel color Campus A4 Azul cielo 100h 80gr";"in_stock";874;"Papel"
7580;"001003";"Papel SPECTRA A3 500h 80 gr azul turquesa";"in_stock";874;"Papel"
7581;"001004";"Papel SPECTRA A3 500h 80 gr rojo";"in_stock";874;"Papel"
7582;"001005";"Papel SPECTRA A3 500h 80 gr marfil";"in_stock";874;"Papel"
7583;"001006";"PAPEL COLOR CAMPUS SPECTRA DIN A3 ROSA PAQUETE DE 500 HOJAS 80 GRAMOS";"in_stock";874;"Papel"
7584;"001007";"Papel SPECTRA A3 500h 80 gr verde claro";"in_stock";874;"Papel"
7585;"001009";"Papel color Campus A4 Verde claro 100h 80gr";"in_stock";874;"Papel"
7586;"001010";"Papel SPECTRA A4 500h 80 gr amarillo";"in_stock";874;"Papel"
7587;"001011";"Papel SPECTRA A4 500h 80 gr azul cielo";"in_stock";874;"Papel"
7588;"001012";"Papel SPECTRA A4 500h 80 gr rosa";"in_stock";874;"Papel"
7589;"001013";"Papel SPECTRA A4 500h 80 gr verde manzana";"in_stock";874;"Papel"
7590;"001014";"Papel SPECTRA A4 500h 80 gr verde claro";"in_stock";874;"Papel"
7591;"001015";"Papel SPECTRA A4 500h 80 gr marfil";"in_stock";874;"Papel"
7592;"001016";"Papel SPECTRA A4 500h 80 gr azul turquesa";"in_stock";874;"Papel"
7593;"001017";"Papel SPECTRA A4 500h 80 gr rojo";"in_stock";874;"Papel"
7594;"001569";"Papel fotográfico InkJet Paper Photo Quality A4 1440 dpi 100gr 100h";"in_stock";874;"Papel"
7595;"001570";"Papel fotográfico Photo Paper A4 5760 dpi 230gr 20h";"in_stock";874;"Papel"
7596;"001646";"Papel fotográfico Glossy Paper Photo Quality A4 5760 dpi 180gr 20h";"in_stock";874;"Papel"
7597;"001648";"Papel fotográfico InkJet Photo Quality A4 2880 dpi 100gr 100h";"in_stock";874;"Papel"
7598;"029995";"Papel Transfer Apli A4 para tejidos blancos 10h";"in_stock";1103;"Papel transfer y magnético"
7599;"029994";"Papel Transfer Apli A4 para tejidos oscuros 5h";"in_stock";1103;"Papel transfer y magnético"
7600;"029302";"Papel fotográfico HP A4 Premium Plus 20h 300gr";"in_stock";38;"Papel fotográfico"
7601;"029342";"Papel fotográfico HP uso diario inkjet A4 100h 200gr";"in_stock";38;"Papel fotográfico"
7602;"002046";"Papel fotográfico HP Advanced Inkjet A4 250g 50h";"in_stock";38;"Papel fotográfico"
7603;"002089";"Papel Pergamino Apli clásico 90gr 20h";"in_stock";37;"Papel texturizado"
7604;"002091";"Papel metalizado Apli A4 130gr Perla 10h";"in_stock";37;"Papel texturizado"
7605;"001051";"Rollo papel térmico Plus Office para fax 210mm x 15m Mandril 12";"in_stock";34;"Papel fax"
7606;"001052";"Rollo papel térmico Plus Office para fax 210mm x 30m Mandril 12";"in_stock";34;"Papel fax"
7607;"001041";"Rollo papel Offset para calculadora y registradora 37x70";"in_stock";40;"Rollos registradora y calculadora"
7608;"001045";"Rollo papel Offset para calculadora y registradora 57x65";"in_stock";40;"Rollos registradora y calculadora"
7609;"001047";"Rollo papel copia 2h para calculadora y registradora 57x65";"in_stock";40;"Rollos registradora y calculadora"
7610;"001048";"Rollo papel copia 2h para calculadora y registradora 75x65";"in_stock";40;"Rollos registradora y calculadora"
7611;"001049";"Rollo papel térmico para calculadora y registradora 57x55";"in_stock";40;"Rollos registradora y calculadora"
7612;"029293";"Rollo papel térmico 1copia para calculadora y registradora 76,5x65";"in_stock";40;"Rollos registradora y calculadora"
7613;"029296";"Rollo papel Offset para calculadora y registradora 58x65";"in_stock";40;"Rollos registradora y calculadora"
7614;"029298";"Rollo papel Offset para calculadora y registradora 44x70";"in_stock";40;"Rollos registradora y calculadora"
7615;"029947";"Rollo papel térmico para calculadora y registradora 80x60";"in_stock";40;"Rollos registradora y calculadora"
7616;"002058";"Rollo papel térmico para calculadora y registradora 57x45";"in_stock";40;"Rollos registradora y calculadora"
7617;"002105";"Rollo papel térmico para calculadora y registradora 80x80";"in_stock";40;"Rollos registradora y calculadora"
7618;"029954";"Rollo papel copia 2h para calculadora y registradora 70x65";"in_stock";40;"Rollos registradora y calculadora"
7619;"029956";"Rollo papel Offset para calculadora y registradora 75x65";"in_stock";40;"Rollos registradora y calculadora"
7620;"029957";"ROLLO PAPEL PARA SUMADORA ELECTRA 70MM X 65MM 60 GRAMOS";"in_stock";40;"Rollos registradora y calculadora"
7621;"001098";"Papel Continuo 240x11 Blanco autocopiativo 2h (1500 h/c)";"in_stock";33;"Papel continuo"
7622;"001100";"Papel Continuo 240x11 Blanco autocopiativo 3h (1000 h/c)";"in_stock";33;"Papel continuo"
7623;"001101";"Papel Continuo 240x11 Blanco 1h (2500 h/c) 70gr";"in_stock";33;"Papel continuo"
7624;"001104";"Papel Continuo 240x12 Blanco 1h (2500 h/c) 70gr";"in_stock";33;"Papel continuo"
7625;"001107";"Papel Continuo 240x11 Pautado azul 1h (2500 h/c) 70gr";"in_stock";33;"Papel continuo"
7626;"001108";"Papel Continuo 380x11 Pautado azul 1h (2500 h/c) 70gr";"in_stock";33;"Papel continuo"
7627;"001289";"Etiquetas autoadhesivas Plus Office 31x100 Sobre 5h (25 etiq)";"in_stock";872;"Etiquetas"
7628;"001290";"Etiquetas autoadhesivas Plus Office 53x100 Sobre 5h (15 etiq)";"in_stock";872;"Etiquetas"
7629;"001291";"Etiquetas autoadhesivas Plus Office 8x12 Sobre 5h (600 etiq)";"in_stock";872;"Etiquetas"
7630;"001292";"Etiquetas autoadhesivas Plus Office 81x110 Sobre 5h (10 etiq)";"in_stock";872;"Etiquetas"
7631;"001293";"Etiquetas autoadhesivas Plus Office 10x16 Sobre 5h (405 etiq)";"in_stock";872;"Etiquetas"
7632;"001294";"Etiquetas autoadhesivas Plus Office 12x18 Sobre 5h (280 etiq)";"in_stock";872;"Etiquetas"
7633;"001295";"Etiquetas autoadhesivas Plus Office 12x30 Sobre 5h (175 etiq)";"in_stock";872;"Etiquetas"
7634;"001296";"Etiquetas autoadhesivas Plus Office 13x50 Sobre 5h (105 etiq)";"in_stock";872;"Etiquetas"
7635;"001297";"Etiquetas autoadhesivas Plus Office 16x22 Sobre 5h (210 etiq)";"in_stock";872;"Etiquetas"
7636;"001298";"Etiquetas autoadhesivas Plus Office 19x27 Sobre 5h (125 etiq)";"in_stock";872;"Etiquetas"
7637;"001299";"Etiquetas autoadhesivas Plus Office 19x40 Sobre 5h (100 etiq)";"in_stock";872;"Etiquetas"
7638;"001300";"Etiquetas autoadhesivas Plus Office 20x50 Sobre 5h (75 etiq)";"in_stock";872;"Etiquetas"
7639;"001301";"Etiquetas autoadhesivas Plus Office 20x75 Sobre 5h (50 etiq)";"in_stock";872;"Etiquetas"
7640;"001302";"Etiquetas autoadhesivas Plus Office 22x32 Sobre 5h (100 etiq)";"in_stock";872;"Etiquetas"
7641;"001303";"Etiquetas autoadhesivas Plus Office 25x40 Sobre 5h (80 etiq)";"in_stock";872;"Etiquetas"
7642;"001304";"Etiquetas autoadhesivas Plus Office 26x54 Sobre 5h (60 etiq)";"in_stock";872;"Etiquetas"
7643;"001305";"Etiquetas autoadhesivas Plus office 34x53 Sobre 5h (45 etiq)";"in_stock";872;"Etiquetas"
7644;"001306";"Etiquetas autoadhesivas Plus Office 34x67 Sobre 5h (30 etiq)";"in_stock";872;"Etiquetas"
7645;"001307";"Etiquetas autoadhesivas Plus Office 50x50 Sobre 5h (30 etiq)";"in_stock";872;"Etiquetas"
7646;"001308";"Etiquetas autoadhesivas Plus Office 50x70 Sobre 5h (20 etiq)";"in_stock";872;"Etiquetas"
7647;"001309";"Etiquetas autoadhesivas Plus Office 53x82 Sobre 5h (20 etiq)";"in_stock";872;"Etiquetas"
7648;"001534";"Etiquetas autoadhesivas Plus Office blancas de cantos rectos 38x21,2 (5500 eti/caja)";"in_stock";872;"Etiquetas"
7649;"001535";"Etiquetas autoadhesivas Plus Office blancas de cantos rectos 70x25 (3600 eti/caja)";"in_stock";872;"Etiquetas"
7650;"001536";"Etiquetas autoadhesivas Plus Office blancas de  cantos rectos 70x35 (2400 eti/caja)";"in_stock";872;"Etiquetas"
7651;"001537";"Etiquetas autoadhesivas Plus Office blancas de  cantos rectos 70x37 (2400 eti/caja)";"in_stock";872;"Etiquetas"
7652;"001538";"Etiquetas autoadhesivas Plus Office blancas de  cantos rectos 105x35 (1600 eti/caja)";"in_stock";872;"Etiquetas"
7653;"001539";"Etiquetas autoadhesivas Plus Office blancas de  cantos rectos 105x37 (1600 eti/caja)";"in_stock";872;"Etiquetas"
7654;"001540";"Etiquetas autoadhesivas Plus Office blancas de  cantos rectos 105x41 (1400 eti/caja)";"in_stock";872;"Etiquetas"
7655;"001541";"Etiquetas autoadhesivas Plus Office blancas de  cantos rectos 105x42,3 (1400 eti/caja)";"in_stock";872;"Etiquetas"
7656;"001542";"Etiquetas autoadhesivas Plus Office blancas de  cantos rectos 210x148 (200 eti/caja)";"in_stock";872;"Etiquetas"
7657;"001543";"Etiquetas autoadhesivas Plus Office blancas de  cantos rectos 210x297(100 eti/caja)";"in_stock";872;"Etiquetas"
7658;"001630";"Etiquetas autoadhesivas Plus Office blancas de  cantos rectos 70x32 (2700 eti/caja)";"in_stock";872;"Etiquetas"
7659;"001631";"Etiquetas autoadhesivas Plus Office blancas de  cantos rectos 70x42 (2100 eti/caja)";"in_stock";872;"Etiquetas"
7660;"001632";"Etiquetas autoadhesivas Plus Office blancas de  cantos rectos 105x57 (1000 eti/caja)";"in_stock";872;"Etiquetas"
7661;"001633";"Etiquetas autoadhesivas Plus Office blancas de  cantos rectos 105x74 (800 eti/caja)";"in_stock";872;"Etiquetas"
7662;"001634";"Etiquetas autoadhesivas Plus Office blancas de cantos rectos 105x148 (400 eti/caja)";"in_stock";872;"Etiquetas"
7663;"001635";"Etiquetas autoadhesivas Plus Office blancas de cantos rectos 48,5x16,9 (6400 eti/caja)";"in_stock";872;"Etiquetas"
7664;"001637";"Etiquetas autoadhesivas Plus Office blancas de  cantos redondeados 99,1x38,1";"in_stock";872;"Etiquetas"
7665;"001638";"Etiquetas autoadhesivas Plus Office blancas de cantos rectos  52,5x21,2 (5600 eti/caja)";"in_stock";872;"Etiquetas"
7666;"001663";"Etiquetas autoadhesivas Plus Office blancas de  cantos rectos 105x48 (1200 eti/caja)";"in_stock";872;"Etiquetas"
7667;"001254";"Etiquetas autoadhesivas Apli blancas de cantos rectos 210x148 A4 100h (200 eti/caja)";"in_stock";116;"Etiquetas autoadhesivas"
7668;"001255";"Etiquetas autoadhesivas Apli blancas de cantos rectos 70x25,4 A4 100h (3300 eti/caja)";"in_stock";116;"Etiquetas autoadhesivas"
7669;"001256";"Etiquetas autoadhesivas Apli blancas de cantos rectos 70x30 A4 100h (2700 eti/caja)";"out_of_stock";116;"Etiquetas autoadhesivas"
7670;"001257";"Etiquetas autoadhesivas Apli blancas de cantos rectos 70x35 A4 100h (2400 eti/caja)";"in_stock";116;"Etiquetas autoadhesivas"
7671;"001258";"Etiquetas autoadhesivas Apli blancas de cantos rectos 70x37 A4 100h (2400 eti/caja)";"in_stock";116;"Etiquetas autoadhesivas"
7672;"001259";"Etiquetas autoadhesivas Apli blancas de cantos rectos 105x37 A4 100h (1600 eti/caja)";"in_stock";116;"Etiquetas autoadhesivas"
7673;"001260";"Etiquetas autoadhesivas Apli blancas de cantos rectos 105x40 A4 100h (1400 eti/caja)";"in_stock";116;"Etiquetas autoadhesivas"
7674;"001261";"Etiquetas autoadhesivas Apli blancas de cantos rectos 70x42,4 A4 100h (2100 eti/caja)";"in_stock";116;"Etiquetas autoadhesivas"
7675;"001262";"Etiquetas autoadhesivas Apli blancas de cantos rectos 105x57 A4 100h (1000 eti/caja)";"in_stock";116;"Etiquetas autoadhesivas"
7676;"001263";"Etiquetas autoadhesivas Apli blancas de cantos rectos 105x74 A4 100h (800 eti/caja)";"in_stock";116;"Etiquetas autoadhesivas"
7677;"001264";"Etiquetas autoadhesivas Apli blancas de cantos rectos 105x148 A4 100h (400 eti/caja)";"in_stock";116;"Etiquetas autoadhesivas"
7678;"001265";"Etiquetas autoadhesivas Apli blancas de cantos rectos A4 100h (100 eti/caja)";"in_stock";773;"Blocs y cuadernos Campus"
7679;"001266";"Etiquetas autoadhesivas Apli blancas de cantos rectos 48,5x16,9 A4 100h (6800 eti/caja)";"in_stock";116;"Etiquetas autoadhesivas"
7680;"001268";"Etiquetas autoadhesivas Apli blancas de cantos rectos 105x35 A4 100h (1600 eti/caja)";"in_stock";116;"Etiquetas autoadhesivas"
7681;"001269";"Etiquetas autoadhesivas Apli blancas de cantos rectos 105x48 A4 100h (1200 eti/caja)";"in_stock";116;"Etiquetas autoadhesivas"
7682;"029829";"Etiquetas autoadhesivas Apli blancas de cantos rectos 105x42,4 A4 100h (1400 eti/caja)";"in_stock";116;"Etiquetas autoadhesivas"
7683;"029844";"Etiquetas autoadhesivas Apli blancas de cantos rectos 48,5x25,4 A4 100h (4400 eti/caja)";"in_stock";116;"Etiquetas autoadhesivas"
7684;"029846";"Etiquetas autoadhesivas Apli blancas de cantos rectos 38x21,2 A4 100h (6500 eti/caja)";"in_stock";116;"Etiquetas autoadhesivas"
7685;"029848";"Etiquetas autoadhesivas Apli blancas de cantos rectos 105x29 A4 100h (2000 eti/caja)";"in_stock";116;"Etiquetas autoadhesivas"
7686;"029850";"Etiquetas autoadhesivas Apli blancas de cantos rectos 97x42,4 A4 100h (1200 eti/caja)";"in_stock";116;"Etiquetas autoadhesivas"
7687;"029218";"Etiquetas autoadhesivas Apli blancas de cantos rectos 52,5x29,7 A4 100h (4000 eti/caja)";"out_of_stock";116;"Etiquetas autoadhesivas"
7688;"029806";"Etiquetas autoadhesivas Apli blancas de cantos romos 199,6x144,5 A4 100h (200 eti/caja)";"in_stock";116;"Etiquetas autoadhesivas"
7689;"029811";"Etiquetas autoadhesivas Apli blancas de cantos romos 99,1x38,1 A4 100h (1400 eti/caja)";"in_stock";116;"Etiquetas autoadhesivas"
7690;"029812";"Etiquetas autoadhesivas Apli blancas de cantos romos 99,1x34 A4 100h (1600 eti/caja)";"in_stock";116;"Etiquetas autoadhesivas"
7691;"029814";"Etiquetas autoadhesivas Apli blancas de cantos romos 64x33,9 A4 100h (2400 eti/caja)";"in_stock";116;"Etiquetas autoadhesivas"
7692;"029817";"ETIQUETAS AUTOADHESIVAS APLI BLANCAS DIN A4 63,5,1X38,1 CANTOS ROMOS 2100 ETIQUETAS POR CAJA";"out_of_stock";116;"Etiquetas autoadhesivas"
7693;"029217";"Etiquetas autoadhesivas Apli blancas de cantos romos 99,1x93,1 A4 100h (600 eti/caja)";"in_stock";116;"Etiquetas autoadhesivas"
7694;"001277";"Etiquetas en continuo Apli Caja 500 pliegos. 101,6x36. (4000  etiquetas)";"in_stock";123;"Etiquetas en continuo"
7695;"001283";"Etiquetas en continuo Apli Caja 500 pliegos. 88,9x23,3. (12000 etiquetas)";"in_stock";123;"Etiquetas en continuo"
7696;"001285";"Etiquetas en continuo Apli Caja 500 pliegos. 88,9x36 (4000 etiquetas)";"in_stock";123;"Etiquetas en continuo"
7697;"001286";"Etiquetas en continuo Apli Caja 500 pliegos. 88,9x36 (8000 etiquetas)";"in_stock";123;"Etiquetas en continuo"
7698;"029886";"Etiquetas en continuo Apli Caja 500 pliegos. 137,2x74,1. (2000 etiquetas)";"in_stock";123;"Etiquetas en continuo"
7699;"029279";"Etiquetas autoadhesivas fluorescentes Apli 210x297 Verde 20h (20 etiq)";"in_stock";117;"Etiquetas fluorescentes"
7700;"029281";"Etiquetas autoadhesivas fluorescentes Apli 210x297 Naranja 20h (20 etiq)";"in_stock";117;"Etiquetas fluorescentes"
7701;"029282";"Etiquetas autoadhesivas fluorescentes Apli 210x297 Amarillo 20h (20 etiq)";"in_stock";117;"Etiquetas fluorescentes"
7702;"002095";"Etiquetas autoadhesivas Apli blancas de cantos rectos 105x37 25h A4 (400 etiq)";"in_stock";116;"Etiquetas autoadhesivas"
7703;"001312";"Etiquetas autoadhesivas en rollo Apli 12x18 (5600 etiq/rollo)";"in_stock";122;"Etiquetas en rollo"
7704;"001313";"Etiquetas autoadhesivas en rollo Apli 16x22 (4200 etiq/rollo)";"in_stock";122;"Etiquetas en rollo"
7705;"029212";"Etiquetas autoadhesivas en rollo Apli 34x53 (900 etiq/rollo)";"in_stock";122;"Etiquetas en rollo"
7706;"029213";"Etiquetas autoadhesivas en rollo Apli 34x67 (600 etiq/rollo)";"in_stock";122;"Etiquetas en rollo"
7707;"029214";"ETIQUETAS AUTOADHESIVAS EN ROLLO APLI 53X100 300 ETIQUETAS POR ROLLO";"in_stock";122;"Etiquetas en rollo"
7708;"029215";"Etiquetas autoadhesivas en rollo Apli 25x40 (1600 etiq/rollo)";"in_stock";122;"Etiquetas en rollo"
7709;"002081";"Etiquetas translúcidas Apli láser y fotocopiadora 48,5x25,4";"in_stock";116;"Etiquetas autoadhesivas"
7710;"002082";"Etiquetas translúcidas Apli láser y fotocopiadora 70x37";"in_stock";116;"Etiquetas autoadhesivas"
7711;"002083";"Etiquetas translúcidas Apli láser y fotocopiadora 210x297";"in_stock";116;"Etiquetas autoadhesivas"
7712;"002068";"Etiquetas autoadhesivas removibles Apli 36,8x23,8 A4 100h cantos redondeados";"in_stock";116;"Etiquetas autoadhesivas"
7713;"002069";"Etiquetas autoadhesivas removibles Apli 38x21,2 A4 100h";"in_stock";116;"Etiquetas autoadhesivas"
7714;"002071";"Etiquetas autoadhesivas removibles Apli 48,5x25,4 A4 100h";"in_stock";116;"Etiquetas autoadhesivas"
7715;"002073";"Etiquetas autoadhesivas removibles Apli 64,6x33,8 A4 100h";"in_stock";116;"Etiquetas autoadhesivas"
7716;"002074";"Etiquetas autoadhesivas removibles Apli 97x42,4 A4 100h";"in_stock";116;"Etiquetas autoadhesivas"
7717;"002079";"Etiquetas Mega CD-DVD Apli Dorso opaco Adhesivo permanente Bolsa de 25 hojas A4 (50 etiq.)";"in_stock";124;"Etiquetas para CD/DVD"
7718;"001590";"Arandelas Autoadhesivas Makro Paper 13mm (caja 200 u)";"in_stock";872;"Etiquetas"
7719;209996;"Archivadores cartón Elba-Rado A4 50mm Color Negro";"in_stock";574;"Archivadores"
7720;209997;"Archivadores cartón Elba-Rado A4 80mm Color Negro";"in_stock";574;"Archivadores"
7721;209998;"Archivadores cartón Elba-Rado Folio 50mm Color Negro";"in_stock";574;"Archivadores"
7722;209999;"Archivadores cartón Elba-Rado Folio 75mm Color Negro";"in_stock";574;"Archivadores"
7723;180081;"Archivadores cartón Plus Office AZ Gris Jaspeado 4º Natural";"in_stock";752;"Archivos de palanca"
7724;180082;"Archivadores cartón Plus Office AZ Gris Jaspeado 4º Apaisado";"in_stock";752;"Archivos de palanca"
7725;180083;"Archivadores cartón Plus Office AZ Gris Jaspeado DIN A4";"in_stock";752;"Archivos de palanca"
7726;180084;"Archivadores cartón Plus Office AZ Gris Jaspeado Folio";"in_stock";752;"Archivos de palanca"
7727;180085;"Caja archivador cartón Plus Office AZ Gris Jaspeado 4º Natural";"in_stock";752;"Archivos de palanca"
7728;180086;"Caja archivador cartón Plus Office AZ Gris Jaspeado 4º Apaisado";"in_stock";752;"Archivos de palanca"
7729;180087;"Caja archivador cartón Plus Office AZ Gris Jaspeado DIN A4";"in_stock";752;"Archivos de palanca"
7730;180088;"Caja archivador cartón Plus Office AZ Gris Jaspeado Folio";"in_stock";752;"Archivos de palanca"
7731;180089;"Archivadores cartón Plus Office AZ Negro Jaspeado 4º Natural";"in_stock";752;"Archivos de palanca"
7732;180090;"Archivadores cartón Plus Office AZ Negro Jaspeado 4º Apaisado";"in_stock";752;"Archivos de palanca"
7733;180091;"Archivadores cartón Plus Office AZ Negro Jaspeado DIN A4";"in_stock";752;"Archivos de palanca"
7734;180092;"Archivadores cartón Plus Office AZ Negro Jaspeado Folio";"in_stock";752;"Archivos de palanca"
7735;180093;"Caja archivador cartón Plus Office AZ Negro Jaspeado 4º Natural";"in_stock";752;"Archivos de palanca"
7736;180094;"Caja archivador cartón Plus Office AZ Negro Jaspeado 4º Apaisado";"in_stock";752;"Archivos de palanca"
7737;180095;"Caja archivador cartón Plus Office AZ Negro Jaspeado DIN A4";"in_stock";752;"Archivos de palanca"
7738;180096;"Caja archivador cartón Plus Office AZ Negro Jaspeado Folio";"in_stock";752;"Archivos de palanca"
7739;209964;"Cofre Pardo Premier 370x280x90cm";"in_stock";579;"Conjuntos de archivo"
7740;209965;"Revistero Pardo Premier 320x270x90cm";"in_stock";579;"Conjuntos de archivo"
7741;209966;"Archivador Pardo Premier 320x300x70cm";"in_stock";579;"Conjuntos de archivo"
7742;209972;"Archivador Elba Rado-Chic Folio 50mm Azul";"in_stock";574;"Archivadores"
7743;209973;"Archivador Elba Rado-Chic Folio 50mm Negro";"in_stock";574;"Archivadores"
7744;209978;"Archivador Elba Rado-Chic A4 50mm Rojo";"in_stock";574;"Archivadores"
7745;209980;"Archivador Elba Rado-Chic A4 50mm Azul";"in_stock";574;"Archivadores"
7746;209981;"Archivador Elba Rado-Chic A4 50mm Negro";"in_stock";574;"Archivadores"
7747;209983;"Archivador Elba Rado-Chic A4 75mm Rojo";"in_stock";574;"Archivadores"
7748;209985;"Archivador Elba Rado-Chic A4 75mm Azul";"in_stock";574;"Archivadores"
7749;209986;"Archivador Elba Rado-Chic A4 75mm Negro";"in_stock";574;"Archivadores"
7750;209987;"Archivador Elba Rado-Chic Folio 75mm Amarillo";"in_stock";574;"Archivadores"
7751;209988;"Archivador Elba Rado-Chic Folio 75mm Rojo";"in_stock";574;"Archivadores"
7752;209989;"Archivador Elba Rado-Chic Folio 75mm Verde";"in_stock";574;"Archivadores"
7753;209990;"Archivador Elba Rado-Chic Folio 75mm Azul";"in_stock";574;"Archivadores"
7754;209991;"Archivador Elba Rado-Chic Folio 75mm Negro";"in_stock";574;"Archivadores"
7755;180051;"Archivador cartón forrado Plus Office E1R Folio 50mm Azul";"in_stock";752;"Archivos de palanca"
7756;180052;"Archivador cartón forrado Plus Office E1R Folio 50mm Negro";"in_stock";752;"Archivos de palanca"
7757;180053;"Archivador cartón forrado Plus Office E1R Folio 50mm Rojo";"in_stock";752;"Archivos de palanca"
7758;180054;"Archivador cartón forrado Plus Office E1R Folio 50mm Verde";"in_stock";752;"Archivos de palanca"
7759;180055;"Archivador cartón forrado Plus Office E1R Folio 50mm Amarillo";"in_stock";752;"Archivos de palanca"
7760;180056;"Archivador cartón forrado Plus Office E1R Folio 50mm Gris";"in_stock";752;"Archivos de palanca"
7761;180057;"Archivador cartón forrado Plus Office E3R Folio 75mm Azul";"in_stock";752;"Archivos de palanca"
7762;180058;"Archivador cartón forrado Plus Office E3R Folio 75mm Negro";"in_stock";752;"Archivos de palanca"
7763;180059;"Archivador cartón forrado Plus Office E3R Folio 75mm Rojo";"in_stock";752;"Archivos de palanca"
7764;180060;"Archivador cartón forrado Plus Office E3R Folio 75mm Verde";"in_stock";752;"Archivos de palanca"
7765;180061;"Archivador cartón forrado Plus Office E3R Folio 75mm Amarillo";"in_stock";752;"Archivos de palanca"
7766;180062;"Archivador cartón forrado Plus Office E3R Folio 75mm Gris";"in_stock";752;"Archivos de palanca"
7767;180372;"Archivador cartón forrado Plus Office E1R A4 50mm Negro";"in_stock";752;"Archivos de palanca"
7768;180373;"Archivador cartón forrado Plus Office E1R A4 50mm Rojo";"in_stock";752;"Archivos de palanca"
7769;180374;"Archivador cartón forrado Plus Office E1R A4 50mm Verde";"in_stock";752;"Archivos de palanca"
7770;180375;"Archivador cartón forrado Plus Office E1R A4 50mm Amarillo";"in_stock";752;"Archivos de palanca"
7771;180376;"Archivador cartón forrado Plus Office E1R A4 50mm Gris";"in_stock";752;"Archivos de palanca"
7772;180377;"Archivador cartón forrado Plus Office E3R A4 75mm Azul";"in_stock";752;"Archivos de palanca"
7773;180378;"Archivador cartón forrado Plus Office E3R A4 75mm Negro";"in_stock";752;"Archivos de palanca"
7774;180379;"Archivador cartón forrado Plus Office E3R A4 75mm Rojo";"in_stock";752;"Archivos de palanca"
7775;180380;"Archivador cartón forrado Plus Office E3R A4 75mm Verde";"in_stock";752;"Archivos de palanca"
7776;180381;"Archivador cartón forrado Plus Office E3R A4 75mm Amarillo";"in_stock";752;"Archivos de palanca"
7777;180382;"Archivador cartón forrado Plus Office E3R A4 75mm Gris";"in_stock";752;"Archivos de palanca"
7778;180598;"Archivador de palanca Plus Office Negro-Azul 50mm";"in_stock";752;"Archivos de palanca"
7779;180608;"Archivador de palanca Plus Office Negro-Gris 50mm";"in_stock";752;"Archivos de palanca"
7780;180609;"Archivador de palanca Plus Office Negro-Rojo 50mm";"in_stock";752;"Archivos de palanca"
7781;180607;"Archivador de palanca Plus Office Negro-Verde 50mm";"in_stock";752;"Archivos de palanca"
7782;209503;"Cajetín Archivador de palanca A3 Elba apaisado 90mm";"in_stock";574;"Archivadores"
7783;209504;"Archivador de palanca A3 Elba apaisado 80mm";"in_stock";574;"Archivadores"
7784;180122;"Separadores Esselte de cartón A4 6 pestañas";"in_stock";594;"Separadores e índices"
7785;180123;"Separadores Esselte de cartón A4 6 pestañas o 25mm Negro";"in_stock";594;"Separadores e índices"
7786;180151;"Carpeta Cartón forrado Makro Paper Luxe 2 anillas 25mm cuarto natural";"in_stock";754;"Carpetas y archivadores de anillas"
7787;180152;"Carpeta Cartón forrado Makro Paper Luxe 2 anillas 25mm folio natural";"in_stock";754;"Carpetas y archivadores de anillas"
7788;180153;"Carpeta Cartón forrado Makro Paper Luxe 2 anillas 40mm folio natural";"in_stock";754;"Carpetas y archivadores de anillas"
7789;180624;"Carpeta Cartón forrado Makro Paper Luxe 4 anillas 40mm folio natural";"in_stock";754;"Carpetas y archivadores de anillas"
7790;180154;"Carpeta Cartón forrado Makro Paper Luxe 4 anillas 25mm folio natural";"out_of_stock";754;"Carpetas y archivadores de anillas"
7791;180071;"Módulo 4 archivadores Plus Office 1344 Azul";"in_stock";754;"Carpetas y archivadores de anillas"
7792;180072;"Módulo 4 archivadores Plus Office 1344 Negro";"in_stock";754;"Carpetas y archivadores de anillas"
7793;180073;"Módulo 4 archivadores Plus Office 1344 Rojo";"in_stock";754;"Carpetas y archivadores de anillas"
7794;180074;"Módulo 4 archivadores Plus Office 1344 Verde";"in_stock";754;"Carpetas y archivadores de anillas"
7795;180075;"Módulo 4 archivadores Plus Office 1344 Amarillo";"in_stock";754;"Carpetas y archivadores de anillas"
7796;180076;"Módulo 3 archivadores Plus Office 1333 Azul";"in_stock";754;"Carpetas y archivadores de anillas"
7797;180077;"Módulo 3 archivadores Plus Office 1333 Negro";"in_stock";754;"Carpetas y archivadores de anillas"
7798;180078;"Módulo 3 archivadores Plus Office 1333 Rojo";"in_stock";754;"Carpetas y archivadores de anillas"
7799;180079;"Módulo 3 archivadores Plus Office 1333 Verde";"in_stock";754;"Carpetas y archivadores de anillas"
7800;180080;"Módulo 3 archivadores Plus Office 1333 Amarillo";"in_stock";754;"Carpetas y archivadores de anillas"
7801;180505;"Carpeta Canguro Plus Office Cubierta rígida 4 anillas 25mm lomo 40mm";"in_stock";754;"Carpetas y archivadores de anillas"
7802;180512;"Carpeta Canguro Plus Office Cubierta rígida 4 anillas 40mm lomo 55mm";"in_stock";754;"Carpetas y archivadores de anillas"
7803;180513;"Carpeta Canguro Plus Office Cubierta rígida 2 anillas 25mm lomo 40mm";"in_stock";754;"Carpetas y archivadores de anillas"
7804;180514;"Carpeta Canguro Plus Office Cubierta rígida 2 anillas 40mm lomo 55mm";"in_stock";754;"Carpetas y archivadores de anillas"
7805;180114;"Carpeta Personalizable Plus Office PVC 2 anillas 16mm";"in_stock";754;"Carpetas y archivadores de anillas"
7806;180117;"Carpeta Personalizable Plus Office PVC 2 anillas 52mm";"in_stock";754;"Carpetas y archivadores de anillas"
7807;180118;"Carpeta Personalizable Plus Office PVC 4 anillas 16mm";"in_stock";754;"Carpetas y archivadores de anillas"
7808;180121;"Carpeta Personalizable Plus Office PVC 4 anillas 52mm";"in_stock";754;"Carpetas y archivadores de anillas"
7809;180497;"Carpeta de anillas 25mm Campus University con cremallera azul";"in_stock";754;"Carpetas y archivadores de anillas"
7810;180192;"Carpeta PVC 4º gomas y solapas negro";"in_stock";584;"Carpetas gomas y solapas"
7811;180193;"Carpeta PVC Folio gomas y solapas negro";"in_stock";584;"Carpetas gomas y solapas"
7812;180204;"Carpeta Plus Office A4 con gomas y fuelle";"in_stock";754;"Carpetas y archivadores de anillas"
7813;180501;"Carpeta flexible Plus Office A4 4 anillas 16mm traslúcida";"in_stock";754;"Carpetas y archivadores de anillas"
7814;180185;"Carpeta de cartón Makro Paper con gomas bolsa formato cuarto";"in_stock";754;"Carpetas y archivadores de anillas"
7815;180186;"Carpeta de cartón Makro Paper con gomas bolsa formato folio";"in_stock";754;"Carpetas y archivadores de anillas"
7816;180187;"Carpeta de cartón Makro Paper con gomas formato 4º azul";"in_stock";754;"Carpetas y archivadores de anillas"
7817;180188;"Carpeta de cartón Makro Paper con gomas formato folio";"in_stock";754;"Carpetas y archivadores de anillas"
7818;180190;"Carpeta de cartón Makro Paper con gomas solapa formato cuarto";"in_stock";754;"Carpetas y archivadores de anillas"
7819;180191;"Carpeta de cartón Makro Paper con gomas solapa formato folio";"in_stock";754;"Carpetas y archivadores de anillas"
7820;180508;"Carpeta Plus Office A3 polipropileno gomas y solapas azul";"in_stock";754;"Carpetas y archivadores de anillas"
7821;180509;"Carpeta Plus Office A3 polipropileno gomas y solapas rojo";"in_stock";754;"Carpetas y archivadores de anillas"
7822;180510;"Carpeta Plus Office A3 polipropileno gomas y solapas humo";"in_stock";754;"Carpetas y archivadores de anillas"
7823;180511;"Carpeta Plus Office A3 polipropileno gomas y solapas verde";"in_stock";754;"Carpetas y archivadores de anillas"
7824;180534;"Carpeta Plus Office A4 polipropileno gomas y solapas rojo";"in_stock";754;"Carpetas y archivadores de anillas"
7825;180535;"Carpeta Plus Office A4 polipropileno gomas y solapas verde";"in_stock";754;"Carpetas y archivadores de anillas"
7826;180536;"Carpeta Plus Office A4 polipropileno gomas y solapas violeta";"in_stock";754;"Carpetas y archivadores de anillas"
7827;180537;"Carpeta Plus Office A4 polipropileno gomas y solapas naranja";"in_stock";754;"Carpetas y archivadores de anillas"
7828;180538;"Carpeta Plus Office A4 polipropileno gomas y solapas humo";"in_stock";754;"Carpetas y archivadores de anillas"
7829;180539;"Carpeta Plus Office A4 polipropileno gomas y solapas azul";"in_stock";754;"Carpetas y archivadores de anillas"
7830;180540;"Carpeta Plus Office A5 polipropileno gomas y solapas rojo";"in_stock";754;"Carpetas y archivadores de anillas"
7831;180541;"Carpeta Plus Office A5 polipropileno gomas y solapas verde";"in_stock";754;"Carpetas y archivadores de anillas"
7832;180542;"Carpeta Plus Office A5 polipropileno gomas y solapas violeta";"in_stock";754;"Carpetas y archivadores de anillas"
7833;180543;"Carpeta Plus Office A5 polipropileno gomas y solapas naranja";"in_stock";754;"Carpetas y archivadores de anillas"
7834;180544;"Carpeta Plus Office A5 polipropileno gomas y solapas humo";"in_stock";754;"Carpetas y archivadores de anillas"
7835;180545;"Carpeta Plus Office A5 polipropileno gomas y solapas azul";"in_stock";754;"Carpetas y archivadores de anillas"
7836;180575;"Carpeta cartón Campus University A4+ con gomas azul";"in_stock";754;"Carpetas y archivadores de anillas"
7837;180576;"Carpeta cartón Campus University A4+ con gomas rojo";"in_stock";754;"Carpetas y archivadores de anillas"
7838;180577;"Carpeta cartón Campus University A4+ con gomas verde";"in_stock";754;"Carpetas y archivadores de anillas"
7839;180578;"Carpeta cartón Campus University A4+ con gomas naranja";"in_stock";754;"Carpetas y archivadores de anillas"
7840;180579;"Carpeta cartón Campus University A4+ con gomas violeta";"in_stock";754;"Carpetas y archivadores de anillas"
7841;180580;"Carpeta cartón Campus University A4+ con gomas amarilla";"in_stock";754;"Carpetas y archivadores de anillas"
7842;180176;"Carpeta Memoria A4 cartón tela 355x245mm";"in_stock";586;"Carpeta memoria"
7843;180196;"Clasificador MRS-03 NEGRO";"in_stock";592;"Clasificadores"
7844;180197;"Clasificador MRS-03 colores surtidos";"in_stock";592;"Clasificadores"
7845;180214;"Carpeta clasificadora recibos Plus Office 12 separadores negro";"in_stock";754;"Carpetas y archivadores de anillas"
7846;180413;"Carpeta clasificadora Plus Office A4 colores translúcidos 12 separadores Azul";"in_stock";754;"Carpetas y archivadores de anillas"
7847;180411;"Carpeta clasificadora Plus Office A4 Premium 12 separadores negro y azul sólidos";"in_stock";754;"Carpetas y archivadores de anillas"
7848;180425;"Carpeta clasificadora Plus Office A4 Luxe 12 separadores gris y azul metalizados";"in_stock";754;"Carpetas y archivadores de anillas"
7849;180422;"Carpeta clasificadora A4 translúcida 12 separadores azul";"in_stock";754;"Carpetas y archivadores de anillas"
7850;180213;"Carpeta clasificadora Plus Office A4 Azul 12 separadores";"in_stock";754;"Carpetas y archivadores de anillas"
7851;180567;"Carpeta clasificadora Plus Office 7 bolsillos y bloc";"in_stock";754;"Carpetas y archivadores de anillas"
7852;180198;"Clasificador acordeón fuelle Makro Paper Recibos";"in_stock";592;"Clasificadores"
7853;180199;"Clasificador acordeón fuelle Makro Paper Cuarto";"in_stock";592;"Clasificadores"
7854;180200;"Clasificador acordeón fuelle Makro Paper Folio";"in_stock";592;"Clasificadores"
7855;180221;"Carpeta Plus Office rígida A4 20 fundas Azul";"in_stock";754;"Carpetas y archivadores de anillas"
7856;180222;"Carpeta Plus Office rígida A4 40 fundas Azul";"in_stock";754;"Carpetas y archivadores de anillas"
7857;180223;"Carpeta Plus Office rígida A4 60 fundas Azul";"in_stock";754;"Carpetas y archivadores de anillas"
7858;180224;"Carpeta Plus Office rígida A4 80 fundas Azul";"in_stock";754;"Carpetas y archivadores de anillas"
7859;180225;"Carpeta Plus Office flexible A4 10 fundas";"in_stock";754;"Carpetas y archivadores de anillas"
7860;180226;"Carpeta Plus Office flexible A4 20 fundas";"in_stock";754;"Carpetas y archivadores de anillas"
7861;180227;"Carpeta Plus Office flexible A4 30 fundas";"in_stock";754;"Carpetas y archivadores de anillas"
7862;180228;"Carpeta Plus Office flexible A4 40 fundas";"in_stock";754;"Carpetas y archivadores de anillas"
7863;180566;"Carpeta Plus Office Luxe con 30 fundas";"in_stock";754;"Carpetas y archivadores de anillas"
7864;180613;"Carpeta dossier Plus Office 20 fundas espiral Naranja";"in_stock";754;"Carpetas y archivadores de anillas"
7865;180614;"Carpeta dossier Plus Office 20 fundas espiral Rojo";"in_stock";754;"Carpetas y archivadores de anillas"
7866;180615;"Carpeta dossier Plus Office 20 fundas espiral Verde";"in_stock";754;"Carpetas y archivadores de anillas"
7867;180616;"Carpeta dossier Plus Office 20 fundas espiral Azul";"in_stock";754;"Carpetas y archivadores de anillas"
7868;180617;"Carpeta dossier Plus Office 30 fundas espiral Naranja";"in_stock";754;"Carpetas y archivadores de anillas"
7869;180618;"Carpeta dossier Plus Office 30 fundas espiral Rojo";"in_stock";754;"Carpetas y archivadores de anillas"
7870;180619;"Carpeta dossier Plus Office 30 fundas espiral Verde";"in_stock";754;"Carpetas y archivadores de anillas"
7871;180620;"Carpeta dossier Plus Office 30 fundas espiral Azul";"in_stock";754;"Carpetas y archivadores de anillas"
7872;180493;"Carpeta portafolio Campus University A4 2 solapas";"out_of_stock";754;"Carpetas y archivadores de anillas"
7873;180496;"Carpeta con Bloc Campus University A4 30 hojas azul";"in_stock";754;"Carpetas y archivadores de anillas"
7874;180555;"Carpeta con cremallera Plus Office A4 Verde";"in_stock";754;"Carpetas y archivadores de anillas"
7875;180556;"Carpeta con cremallera Plus Office A4 Azul";"in_stock";754;"Carpetas y archivadores de anillas"
7876;180557;"Carpeta con cremallera Plus Office A4 Rojo";"in_stock";754;"Carpetas y archivadores de anillas"
7877;180558;"Carpeta con bloc Makro Paper símil piel";"in_stock";754;"Carpetas y archivadores de anillas"
7878;180445;"Separadores alfabéticos de polipropileno Plus Office 20 separadores";"in_stock";758;"Indices separadores"
7879;180625;"Indice numérico A4 12 separadores";"in_stock";758;"Indices separadores"
7880;180463;"Separadores de polipropileno Plus Office colores (pack.5u)";"in_stock";758;"Indices separadores"
7881;180464;"Separadores de polipropileno Plus Office colores (pack.10u)";"in_stock";758;"Indices separadores"
7882;180156;"Carpeta proyecto cartón 10 GP Lomo 3cm Azul";"in_stock";585;"Carpetas proyecto"
7883;180157;"Carpeta proyecto cartón 10 GP Lomo 3cm Rojo";"in_stock";585;"Carpetas proyecto"
7884;180158;"Carpeta proyecto cartón 10 GP Lomo 3cm Verde";"in_stock";585;"Carpetas proyecto"
7885;180159;"Carpeta proyecto cartón 10 GP Lomo 3cm Negro";"in_stock";585;"Carpetas proyecto"
7886;180160;"Carpeta proyecto cartón 10 GP Lomo 3cm Amarillo";"in_stock";585;"Carpetas proyecto"
7887;180161;"Carpeta proyecto cartón 10 GP Lomo 5cm Azul";"in_stock";585;"Carpetas proyecto"
7888;180162;"Carpeta proyecto cartón 10 GP Lomo 5cm Rojo";"in_stock";585;"Carpetas proyecto"
7889;180163;"Carpeta proyecto cartón 10 GP Lomo 5cm Verde";"in_stock";585;"Carpetas proyecto"
7890;180164;"Carpeta proyecto cartón 10 GP Lomo 5cm Negro";"in_stock";585;"Carpetas proyecto"
7891;180165;"Carpeta proyecto cartón 10 GP Lomo 5cm Amarillo";"out_of_stock";585;"Carpetas proyecto"
7892;180166;"Carpeta proyecto cartón 10 GP Lomo 7cm Azul";"in_stock";585;"Carpetas proyecto"
7893;180167;"Carpeta proyecto cartón 10 GP Lomo 7cm Rojo";"in_stock";585;"Carpetas proyecto"
7894;180168;"Carpeta proyecto cartón 10 GP Lomo 7cm Verde";"in_stock";585;"Carpetas proyecto"
7895;180169;"Carpeta proyecto cartón 10 GP Lomo 7cm Negro";"in_stock";585;"Carpetas proyecto"
7896;180170;"Carpeta proyecto cartón 10 GP Lomo 7cm Amarillo";"in_stock";585;"Carpetas proyecto"
7897;180171;"Carpeta proyecto cartón 10 GP Lomo 9cm Azul";"in_stock";585;"Carpetas proyecto"
7898;180172;"Carpeta proyecto cartón 10 GP Lomo 9cm Rojo";"in_stock";585;"Carpetas proyecto"
7899;180173;"Carpeta proyecto cartón 10 GP Lomo 9cm Verde";"in_stock";585;"Carpetas proyecto"
7900;180174;"Carpeta proyecto cartón 10 GP Lomo 9cm Negro";"in_stock";585;"Carpetas proyecto"
7901;180175;"Carpeta proyecto cartón 10 GP Lomo 9cm Amarillo";"in_stock";585;"Carpetas proyecto"
7902;180201;"Carpeta proyecto Plus Office con lomo 3 cm. Azul/Verde traslúcido";"in_stock";754;"Carpetas y archivadores de anillas"
7903;180494;"Portafolio Campus University A4";"in_stock";754;"Carpetas y archivadores de anillas"
7904;180099;"Archivo definitivo cartón Plus Office Folio";"out_of_stock";761;"Archivo definitivo"
7905;180100;"Archivo definitivo cartón Plus Office Folio prolongado";"in_stock";761;"Archivo definitivo"
7906;180103;"Archivo definitivo plástico Fº prolongado marrón";"in_stock";761;"Archivo definitivo"
7907;180216;"Maletín traslúcido Plus Office A4 azul 2 departamentos";"in_stock";754;"Carpetas y archivadores de anillas"
7908;209417;"Archivo definitivo cartón Fellowes R-kive 80MM";"in_stock";605;"Archivo definitivo"
7909;209418;"Archivo definitivo cartón Fellowes R-kive 100MM";"in_stock";605;"Archivo definitivo"
7910;180050;"Caja transferencia Karman Folio verde";"in_stock";577;"Carpetas transferencia"
7911;180104;"Contenedor para cajas de archivo definitivo";"in_stock";761;"Archivo definitivo"
7912;180561;"Dossier extensible Plus A4 con fástener Crema";"in_stock";756;"Dossieres"
7913;180562;"Dossier extensible Plus A4 con fástener Beige";"in_stock";756;"Dossieres"
7914;180250;"Dossier Durable con pinza Duraclip 30 hojas Azul claro";"in_stock";590;"Dossiers"
7915;180251;"Dossier Durable con pinza Duraclip 30 hojas Negro";"in_stock";590;"Dossiers"
7916;180252;"Dossier Durable con pinza Duraclip 30 hojas Blanco";"in_stock";590;"Dossiers"
7917;180253;"Dossier Durable con pinza Duraclip 30 hojas Rojo";"in_stock";590;"Dossiers"
7918;180256;"Dossier Durable con pinza Duraclip 60 hojas Azul claro";"in_stock";590;"Dossiers"
7919;180257;"Dossier Durable con pinza Duraclip 60 hojas Negro";"in_stock";590;"Dossiers"
7920;180258;"Dossier Durable con pinza Duraclip 60 hojas Blanco";"in_stock";590;"Dossiers"
7921;180259;"Dossier Durable con pinza Duraclip 60 hojas Rojo";"in_stock";590;"Dossiers"
7922;209818;"Dossier Durable con pinza Duraclip 60 hojas Gris";"in_stock";590;"Dossiers"
7923;209823;"Dossier Durable con pinza Duraclip 30 hojas Gris";"in_stock";590;"Dossiers"
7924;209832;"Dossier Durable Swinclip 30 hojas negro";"in_stock";590;"Dossiers"
7925;209830;"Dossier Durable Swinclip 30 hojas rojo";"in_stock";590;"Dossiers"
7926;209829;"Dossier Durable Swinclip 30 hojas amarillo";"in_stock";590;"Dossiers"
7927;209833;"Dossier Durable Swinclip 30 hojas verde";"in_stock";590;"Dossiers"
7928;209828;"Dossier Durable Swinclip 30 hojas azul";"in_stock";590;"Dossiers"
7929;180266;"Dossier Plus Office Plástico F-18 60 hojas Azul";"in_stock";756;"Dossieres"
7930;180267;"Dossier Plus Office Plástico F-18 60 hojas Negro";"in_stock";756;"Dossieres"
7931;180268;"Dossier Plus Office Plástico F-18 60 hojas Rojo";"in_stock";756;"Dossieres"
7932;180269;"Dossier Plus Office Plástico F-18 60 hojas Verde";"in_stock";756;"Dossieres"
7933;180270;"Dossier Plus Office Plástico F-08 30 hojas Azul-clip azul";"in_stock";590;"Dossiers"
7934;180271;"Dossier Plus Office Plástico F-08 30 hojas Transparente-clip blanco";"in_stock";590;"Dossiers"
7935;180272;"Dossier Plus Office Plástico F-08 30 hojas Rojo-clip rojo";"in_stock";756;"Dossieres"
7936;180273;"Dossier Plus Office Plástico F-08 30 hojas Humo-clip negro";"in_stock";756;"Dossieres"
7937;180282;"Dossier Plus Office Plástico F-08 30 hojas Verde-clip verde";"in_stock";756;"Dossieres"
7938;180229;"Dossier Plus Office 2001 Ángulo recto Transparente";"in_stock";756;"Dossieres"
7939;180230;"Dossier Plus Office 2001 Ángulo recto Azul";"in_stock";756;"Dossieres"
7940;180231;"Dossier Plus Office 2001 Ángulo recto Rojo";"in_stock";756;"Dossieres"
7941;180232;"Dossier Plus Office 2001 Ángulo recto Verde";"in_stock";756;"Dossieres"
7942;180233;"Dossier Plus Office 2001 Ángulo recto Violeta";"in_stock";756;"Dossieres"
7943;180402;"Dossier Plus Office 2001 Ángulo recto Naranja";"in_stock";756;"Dossieres"
7944;180403;"Dossier Plus Office 2001 Ángulo recto Amarillo";"in_stock";756;"Dossieres"
7945;180525;"Dossier Plus 114 con bolsillo- Disk";"in_stock";756;"Dossieres"
7946;180234;"Dossier Plus Office A4 con broche 2020 Transparente";"in_stock";756;"Dossieres"
7947;180235;"Dossier Plus Office A4 con broche 2020 Azul";"in_stock";756;"Dossieres"
7948;180236;"Dossier Plus Office A4 con broche 2020 Verde";"in_stock";756;"Dossieres"
7949;180237;"Dossier Plus Office A4 con broche 2020 Amarillo";"in_stock";756;"Dossieres"
7950;180238;"Dossier Plus Office con broche 2021 Transparente";"in_stock";756;"Dossieres"
7951;180239;"Dossier Plus Office con broche 2021 Azul";"in_stock";756;"Dossieres"
7952;180240;"Dossier Plus Office con broche 2021 Verde";"in_stock";756;"Dossieres"
7953;180386;"Dossier Plus Office A4 con broche 2020 Gris";"in_stock";756;"Dossieres"
7954;180387;"Dossier Plus Office A4 con broche 2020 Violeta";"in_stock";756;"Dossieres"
7955;180400;"Dossier Plus Office 2021 con broche Naranja";"in_stock";756;"Dossieres"
7956;180404;"Dossier Plus Office A4 con broche 2020 Naranja";"in_stock";756;"Dossieres"
7957;180405;"Dossier Plus Office A4 con broche 2020 Rojo";"in_stock";756;"Dossieres"
7958;180465;"Dossier Plus Office A5 con broche 2015 Transparente";"in_stock";756;"Dossieres"
7959;180466;"Dossier Plus Office A5 con broche 2015 Verde";"in_stock";756;"Dossieres"
7960;180467;"Dossier Plus Office A5 con broche 2015 Azul";"in_stock";756;"Dossieres"
7961;180468;"Dossier Plus Office A5 con broche 2015 Rojo";"in_stock";756;"Dossieres"
7962;180469;"Dossier Plus Office A6 con broche 2016 Transparente";"in_stock";756;"Dossieres"
7963;180470;"Dossier Plus Office A6 con broche 2016 Verde";"in_stock";756;"Dossieres"
7964;180471;"Dossier Plus Office A6 con broche 2016 Azul";"in_stock";756;"Dossieres"
7965;180472;"Dossier Plus Office A6 con broche 2016 Rojo";"in_stock";756;"Dossieres"
7966;180473;"Dossier Plus Office A7 con broche 2017 Transparente";"in_stock";756;"Dossieres"
7967;180474;"Dossier Plus Office A7 con broche 2017 Verde";"in_stock";756;"Dossieres"
7968;180475;"Dossier Plus Office A7 con broche 2017 Azul";"in_stock";756;"Dossieres"
7969;180476;"Dossier Plus Office A7 con broche 2017 Rojo";"in_stock";756;"Dossieres"
7970;180602;"Dossier camuflaje Plus azul 5 unidades";"in_stock";756;"Dossieres"
7971;180603;"Dossier camuflaje Plus verde claro 5 unidades";"in_stock";756;"Dossieres"
7972;180604;"Dossier camuflaje Plus naranja 5 unidades";"in_stock";756;"Dossieres"
7973;180605;"Dossier camuflaje Plus fucsia 5 unidades";"in_stock";756;"Dossieres"
7974;180606;"Dossier camuflaje Plus transparente 5 unidades";"in_stock";756;"Dossieres"
7975;"040543";"Dossier Plus Office con velcro A4 PLUS 2030 Amarillo";"in_stock";756;"Dossieres"
7976;"040540";"Dossier Plus Office con velcro A4 PLUS 2030 Azul";"in_stock";756;"Dossieres"
7977;"040544";"Dossier Plus Office con velcro A4 PLUS 2030 Humo";"in_stock";756;"Dossieres"
7978;"040545";"Dossier Plus Office con velcro A4 PLUS 2030 Naranja";"in_stock";756;"Dossieres"
7979;"040546";"Dossier Plus Office con velcro A4 PLUS 2030 Rojo";"in_stock";756;"Dossieres"
7980;"040539";"Dossier Plus Office con velcro A4 PLUS 2030 Transparente";"in_stock";756;"Dossieres"
7981;"040542";"Dossier Plus Office con velcro A4 PLUS 2030 Verde";"in_stock";756;"Dossieres"
7982;"040541";"Dossier Plus Office con velcro A4 PLUS 2030 Violeta";"in_stock";756;"Dossieres"
7983;180396;"Fundas para documentos Plus Office A4";"in_stock";757;"Fundas taladro y multitaladro"
7984;180455;"Fundas para documentos Plus Office A7";"in_stock";757;"Fundas taladro y multitaladro"
7985;180456;"Fundas para documentos Plus Office A6";"in_stock";757;"Fundas taladro y multitaladro"
7986;180457;"Fundas para documentos Plus Office A5";"in_stock";757;"Fundas taladro y multitaladro"
7987;180458;"Fundas para documentos Plus Office A3";"in_stock";757;"Fundas taladro y multitaladro"
7988;180274;"Fundas multitaladro Plus Office Folio-cristal 60 micras c/100";"in_stock";757;"Fundas taladro y multitaladro"
7989;180275;"Fundas multitaladro Plus Office Folio-cristal 90 micras c/100";"in_stock";757;"Fundas taladro y multitaladro"
7990;180276;"Fundas multitaladro Plus Office A4-cristal 90 micras";"in_stock";757;"Fundas taladro y multitaladro"
7991;180459;"Fundas multitaladro Plus Office A4-cristal 60 micras";"in_stock";757;"Fundas taladro y multitaladro"
7992;180551;"Fundas multitaladro Plus Office A4-cristal 120 micras";"in_stock";757;"Fundas taladro y multitaladro"
7993;180552;"Fundas multitaladro Plus Office Folio-cristal 120 micras";"in_stock";757;"Fundas taladro y multitaladro"
7994;180554;"Fundas multitaladro Plus Office A4-cristal 60 micras";"in_stock";757;"Fundas taladro y multitaladro"
7995;180563;"Fundas multitaladro Plus Office A4-cristal 90 micras";"in_stock";757;"Fundas taladro y multitaladro"
7996;180586;"Fundas multitaladro Plus Office Folio-cristal 60 micras";"in_stock";757;"Fundas taladro y multitaladro"
7997;180587;"Fundas multitaladro Plus Office Folio-cristal 90 micras";"in_stock";757;"Fundas taladro y multitaladro"
7998;209393;"Funda multitaladro fuelle Leitz PVC A4 20MM/5U";"in_stock";595;"Fundas"
7999;180597;"Funda Makro Paper portatarjetas A4";"in_stock";757;"Fundas taladro y multitaladro"
8000;180295;"Fástener Plástico 50 unid";"in_stock";839;"Materiales de encuadernación"
8001;180296;"Fástener Metálico 50 unid";"in_stock";839;"Materiales de encuadernación"
8002;180001;"Subcarpeta Kraft A4 170GR";"in_stock";603;"Subcarpetas"
8003;180002;"Subcarpeta Kraft Folio 180GR";"in_stock";603;"Subcarpetas"
8004;180003;"Subcarpeta Kraft Folio bicolor 240GR";"in_stock";603;"Subcarpetas"
8005;"069207";"Encuadernador sin arandela 19 mm";"out_of_stock";840;"Encuadernadores"
8006;"069208";"Encuadernador sin arandela 25 mm";"in_stock";840;"Encuadernadores"
8007;"069209";"Encuadernador sin arandela 32 mm";"in_stock";840;"Encuadernadores"
8008;"069210";"Encuadernador sin arandela 40 mm";"in_stock";840;"Encuadernadores"
8009;180300;"Anillas metálicas 16mm";"in_stock";641;"Anillas metálicas"
8010;180301;"Anillas metálicas 20mm";"in_stock";641;"Anillas metálicas"
8011;180302;"Anillas metálicas 25mm";"in_stock";641;"Anillas metálicas"
8012;180303;"Anillas metálicas 33mm";"in_stock";641;"Anillas metálicas"
8013;180304;"Anillas metálicas 40mm";"in_stock";641;"Anillas metálicas"
8014;180588;"Subcarpeta Plus Office A4 200 gr 25 unid blanca";"in_stock";765;"Subcarpetas"
8015;180589;"Subcarpeta Plus Office Folio 200 gr 25 unid blanca";"in_stock";765;"Subcarpetas"
8016;180004;"Subcarpeta Plus Office A4 200 gr 25 unid amarillo";"in_stock";765;"Subcarpetas"
8017;180005;"Subcarpeta Plus Office A4 200 gr 25 unid azul";"in_stock";765;"Subcarpetas"
8018;180006;"Subcarpeta Plus Office A4 200 gr 25 unid naranja";"in_stock";765;"Subcarpetas"
8019;180007;"Subcarpeta Plus Office A4 200 gr 25 unid rojo";"in_stock";765;"Subcarpetas"
8020;180008;"Subcarpeta Plus Office A4 200 gr 25 unid verde";"in_stock";765;"Subcarpetas"
8021;180010;"Subcarpeta Plus Office Folio 200 gr 25 unid amarillo";"in_stock";765;"Subcarpetas"
8022;180011;"Subcarpeta Plus Office Folio 200 gr 25 unid azul";"in_stock";765;"Subcarpetas"
8023;180012;"Subcarpeta Plus Office Folio 200 gr 25 unid naranja";"in_stock";765;"Subcarpetas"
8024;180013;"Subcarpeta Plus Office Folio 200 gr 25 unid rojo";"in_stock";765;"Subcarpetas"
8025;180014;"Subcarpeta Plus Office Folio 200 gr 25 unid verde";"in_stock";765;"Subcarpetas"
8026;180031;"Subcarpeta Gio Hamaca Arcón A4";"in_stock";600;"Carpetas colgantes"
8027;180033;"Carpeta colgante Gio Master Folio";"in_stock";600;"Carpetas colgantes"
8028;180036;"Carpeta colgante Gio A4 Rojo Varilla 349mm";"in_stock";600;"Carpetas colgantes"
8029;180037;"Carpeta colgante Gio A4 Verde Varilla 349mm";"in_stock";600;"Carpetas colgantes"
8030;180041;"Carpeta colgante Gio Folio Rojo Varilla 384mm";"in_stock";600;"Carpetas colgantes"
8031;180042;"Carpeta colgante Gio Folio Verde Varilla 384mm";"in_stock";600;"Carpetas colgantes"
8032;180043;"Carpeta colgante Gio Folio Amarillo Varilla 384mm";"out_of_stock";600;"Carpetas colgantes"
8033;209463;"Carpeta colgante Gio A4 Lomo 30mm";"in_stock";600;"Carpetas colgantes"
8034;209466;"Carpeta colgante Gio Folio Lomo 30mm";"in_stock";600;"Carpetas colgantes"
8035;180047;"Bastidor calpetas colgantes Gio Kit Office para 30 carpetas A4 y Folio";"in_stock";601;"Archivador carpetas colgantes"
8036;209725;"Archivador metálico Pierre Henry para carpetas colgantes Negro";"in_stock";601;"Archivador carpetas colgantes"
8037;209448;"Carro extensible Gio para carpetas colgantes 650x60x670mm Negro";"out_of_stock";602;"Carro carpetas colgantes"
8038;180325;"Ficheros de cartón Karman. Tamaño 90x115 para 500 fichas 65x95mm";"in_stock";576;"Fichas y ficheros"
8039;180326;"Ficheros de cartón Karman. Tamaño 100x155 para 500 fichas 75x125mm";"in_stock";576;"Fichas y ficheros"
8040;180327;"Ficheros de cartón Karman. Tamaño 125x175 para 500 fichas 100x150mm";"in_stock";576;"Fichas y ficheros"
8041;180328;"Ficheros de cartón Karman. Tamaño 155x220 para 500 fichas 120x200mm";"in_stock";576;"Fichas y ficheros"
8042;180329;"Ficheros de cartón Karman. Tamaño 190x250 para 500 fichas 160x215mm";"in_stock";576;"Fichas y ficheros"
8043;180330;"Ficheros de cartón Karman. Tamaño 90x115 para 1000 fichas 65x95mm";"in_stock";576;"Fichas y ficheros"
8044;180331;"Ficheros de cartón Karman. Tamaño 100x155mm. Para 1000 fichas 75x125mm.";"in_stock";576;"Fichas y ficheros"
8045;180332;"Ficheros de cartón Karman. Tamaño 125x175 para 1000 fichas 100x150mm";"in_stock";576;"Fichas y ficheros"
8046;180333;"Ficheros de cartón Karman. Tamaño 155x220 para 1000 fichas 120x200mm";"in_stock";576;"Fichas y ficheros"
8047;180334;"Ficheros de cartón Karman. Tamaño 190x250 para 1000 fichas 160x215mm";"in_stock";576;"Fichas y ficheros"
8048;180348;"Tarjetero tapa acolchada PVC para 600 tarjetas";"in_stock";610;"Tarjeteros"
8049;180349;"Funda cuartilla para Tarjetero tapa acolchada PVC";"in_stock";610;"Tarjeteros"
8050;209479;"Índice alfabético para ficheros 160x215mm";"in_stock";576;"Fichas y ficheros"
8051;209480;"Índice alfabético para ficheros 120x200mm";"in_stock";576;"Fichas y ficheros"
8052;209481;"Índice alfabético para ficheros 100x150mm";"in_stock";576;"Fichas y ficheros"
8053;209482;"Índice alfabético para ficheros 75x125mm";"in_stock";576;"Fichas y ficheros"
8054;209483;"Índice alfabético para ficheros 65x95mm";"in_stock";576;"Fichas y ficheros"
8055;180345;"Tarjetero Plus Office NC 168 tarjetas";"in_stock";760;"Tarjeteros"
8056;209484;"Recambio para tarjetero rotativo Rolodex 40 fundas";"in_stock";610;"Tarjeteros"
8057;209485;"Tarjetero rotativo Rolodex 200 tarjetas y 24 separadores";"in_stock";610;"Tarjeteros"
8058;"040307";"Listín telefónico anillas cuarto";"in_stock";611;"Listines telefónicos"
8059;"040308";"Listín telefónico con espiral";"out_of_stock";611;"Listines telefónicos"
8060;"040309";"Recambio para listín telefónico anillas 4º";"in_stock";611;"Listines telefónicos"
8061;209859;"Clasificador de sobremesa Durable Sherpa motion 10";"in_stock";592;"Clasificadores"
8062;209860;"Clasificador de sobremesa Durable Sherpa Table 10";"in_stock";592;"Clasificadores"
8063;209861;"Clasificador de pared Durable Sherpa Wall 10";"in_stock";592;"Clasificadores"
8064;209862;"Clasificador sobremesa Durable Sherpa Soho 5";"in_stock";592;"Clasificadores"
8065;209863;"Fundas para clasificadores Durable con pivotes Rojo";"in_stock";592;"Clasificadores"
8066;209864;"Fundas para clasificadores Durable con pivotes Negro";"in_stock";592;"Clasificadores"
